id_carregamento,data_registro,tipo_carga,origem,destino,prioridade_solicitada,distancia_km,estoque_destino_dias,caminhoes_disponiveis,combustivel_disponivel_litros,peso_toneladas,carga_perecivel,prazo_horas,hora_registro,tempo_entrega_horas,mes_registro,telex_origem
CS-0001,1972-10-14 15:30,Alimentos básicos,Armazém Ferroviário,Antofagasta,Média,347.9,4.5,2,721,5.4,1,24.2,15,58.0,1972-10,T-15
CS-0002,1972-10-18 15:30,Insumos industriais,Depósito Norte,Talca,Média,274.4,5.9,11,622,9.5,0,24.4,15,28.5,1972-10,T-04
CS-0003,1972-10-28 07:45,Medicamentos,Terminal Costeiro,Talca,Média,120.8,6.0,4,1761,4.4,0,16.1,7,15.8,1972-10,T-15
CS-0004,1972-10-25 15:15,Combustível,Armazém Ferroviário,Antofagasta,Média,295.8,4.8,1,2871,7.0,0,23.1,15,53.4,1972-10,T-04
CS-0005,1972-10-24 09:15,Insumos industriais,Terminal Costeiro,Concepción,Média,557.4,2.8,4,1733,4.8,0,31.7,9,40.6,1972-10,T-12
CS-0006,1972-10-09 14:15,Combustível,Terminal Costeiro,Talca,Alta,556.1,0.7,1,2125,16.8,0,24.1,14,81.7,1972-10,T-12
CS-0007,1972-10-15 13:00,Combustível,Depósito Central,Concepción,Alta,644.3,6.7,6,2886,2.1,0,23.4,13,35.2,1972-10,T-15
CS-0008,1972-10-10 07:00,Alimentos básicos,Armazém Ferroviário,Concepción,Alta,594.1,6.1,8,2204,2.3,1,26.4,7,38.4,1972-10,T-04
CS-0009,1972-10-16 10:15,Alimentos básicos,Armazém Ferroviário,Valparaíso,Média,557.4,1.8,11,2303,19.4,1,31.9,10,58.1,1972-10,T-08
CS-0010,1972-10-20 07:45,Medicamentos,Depósito Norte,Talca,Média,520.3,3.1,5,2734,8.7,0,26.6,7,47.2,1972-10,T-04
CS-0011,1972-10-12 10:45,Medicamentos,Depósito Central,Talca,Alta,63.2,3.1,6,2279,7.9,0,10.3,10,6.9,1972-10,T-12
CS-0012,1972-10-11 10:15,Insumos industriais,Depósito Central,Concepción,Alta,357.1,3.5,4,2096,4.9,0,18.4,10,16.7,1972-10,T-04
CS-0013,1972-10-16 07:30,Alimentos básicos,Depósito Norte,Antofagasta,Alta,593.9,0.9,10,1961,14.7,1,21.3,7,59.4,1972-10,T-08
CS-0014,1972-10-11 07:30,Medicamentos,Terminal Costeiro,Concepción,Alta,83.0,5.9,7,1498,9.2,0,8.3,7,6.9,1972-10,T-04
CS-0015,1972-10-20 10:00,Medicamentos,Armazém Ferroviário,Concepción,Média,251.1,2.8,6,715,12.9,0,20.0,10,25.0,1972-10,T-08
CS-0016,1972-10-16 16:15,Insumos industriais,Depósito Norte,Valparaíso,Média,468.4,6.2,10,3510,20.2,0,27.3,16,42.8,1972-10,T-04
CS-0017,1972-10-19 16:15,Combustível,Depósito Norte,Santiago Centro,Média,384.0,2.2,1,3468,6.0,0,25.0,16,63.1,1972-10,T-04
CS-0018,1972-10-11 11:15,Insumos industriais,Depósito Norte,Valparaíso,Baixa,287.5,2.9,2,2004,6.6,0,30.2,11,50.0,1972-10,T-04
CS-0019,1972-10-31 13:00,Medicamentos,Depósito Central,Talca,Média,286.7,1.3,3,764,17.0,0,20.6,13,40.9,1972-10,T-12
CS-0020,1972-10-19 08:30,Medicamentos,Depósito Norte,Antofagasta,Média,310.4,6.4,5,2929,21.3,0,22.4,8,41.7,1972-10,T-15
CS-0021,1972-10-09 11:00,Combustível,Depósito Norte,Antofagasta,Média,91.1,4.9,5,3082,5.5,0,13.9,11,9.9,1972-10,T-08
CS-0022,1972-10-21 10:45,Insumos industriais,Armazém Ferroviário,Antofagasta,Média,205.7,4.4,1,1850,4.4,0,18.4,10,33.7,1972-10,T-08
CS-0023,1972-10-25 08:45,Insumos industriais,Depósito Central,Talca,Média,581.1,4.1,3,2653,4.5,0,28.3,8,41.6,1972-10,T-12
CS-0024,1972-10-29 13:30,Insumos industriais,Depósito Central,Concepción,Alta,51.5,6.0,3,2230,1.7,0,10.8,13,12.3,1972-10,T-15
CS-0025,1972-10-26 16:45,Alimentos básicos,Armazém Ferroviário,Antofagasta,Média,158.3,3.0,5,1920,18.0,1,20.7,16,16.4,1972-10,T-15
CS-0026,1972-10-15 13:15,Alimentos básicos,Depósito Central,Talca,Média,560.1,0.7,7,2611,4.9,1,28.1,13,54.2,1972-10,T-08
CS-0027,1972-10-17 07:45,Combustível,Terminal Costeiro,Santiago Centro,Média,541.9,1.5,10,1598,7.5,0,27.3,7,53.2,1972-10,T-04
CS-0028,1972-10-31 11:45,Alimentos básicos,Depósito Central,Concepción,Média,218.3,1.6,10,1841,1.8,1,19.4,11,34.5,1972-10,T-08
CS-0029,1972-10-09 06:15,Insumos industriais,Depósito Norte,Santiago Centro,Baixa,545.7,4.9,11,524,10.5,0,39.7,6,55.9,1972-10,T-08
CS-0030,1972-10-29 17:15,Insumos industriais,Terminal Costeiro,Talca,Alta,552.4,0.4,6,3278,1.7,0,20.7,17,43.8,1972-10,T-08
CS-0031,1972-10-24 16:30,Alimentos básicos,Depósito Norte,Talca,Baixa,513.6,1.9,10,2567,7.6,0,37.9,16,64.6,1972-10,T-12
CS-0032,1972-10-11 16:15,Alimentos básicos,Depósito Central,Antofagasta,Média,489.1,1.8,9,1571,16.7,1,27.2,16,47.2,1972-10,T-04
CS-0033,1972-10-15 13:15,Combustível,Depósito Norte,Santiago Centro,Média,333.6,0.4,10,1688,5.7,0,21.9,13,40.3,1972-10,T-12
CS-0034,1972-10-27 15:45,Medicamentos,Armazém Ferroviário,Valparaíso,Média,282.4,0.4,11,3634,2.6,0,23.5,15,40.3,1972-10,T-12
CS-0035,1972-10-20 08:15,Medicamentos,Depósito Central,Santiago Centro,Alta,354.7,2.0,4,394,18.9,0,14.0,8,35.4,1972-10,T-08
CS-0036,1972-10-26 09:15,Insumos industriais,Depósito Central,Concepción,Média,44.2,6.5,11,3032,9.0,0,12.6,9,10.3,1972-10,T-08
CS-0037,1972-10-28 11:15,Insumos industriais,Depósito Central,Santiago Centro,Alta,88.0,3.3,2,2827,3.1,0,12.2,11,14.7,1972-10,T-04
CS-0038,1972-10-21 16:30,Insumos industriais,Depósito Norte,Talca,Alta,347.3,6.5,11,1300,10.1,0,17.9,16,27.4,1972-10,T-12
CS-0039,1972-10-09 13:00,Insumos industriais,Terminal Costeiro,Antofagasta,Baixa,176.2,3.1,1,2213,21.2,0,26.6,13,39.7,1972-10,T-15
CS-0040,1972-10-29 16:30,Alimentos básicos,Terminal Costeiro,Santiago Centro,Média,186.2,6.7,1,1861,10.9,0,17.1,16,41.5,1972-10,T-15
CS-0041,1972-10-22 17:30,Combustível,Depósito Central,Santiago Centro,Alta,555.9,4.2,9,1653,14.2,0,19.5,17,35.5,1972-10,T-12
CS-0042,1972-10-30 16:30,Combustível,Depósito Central,Valparaíso,Alta,317.8,1.2,4,2712,9.6,0,12.7,16,29.9,1972-10,T-08
CS-0043,1972-10-14 17:30,Alimentos básicos,Depósito Norte,Santiago Centro,Média,320.0,1.2,1,1037,7.6,0,26.2,17,64.2,1972-10,T-08
CS-0044,1972-10-25 10:30,Combustível,Depósito Central,Talca,Média,669.9,2.9,3,366,20.6,0,29.7,10,66.9,1972-10,T-04
CS-0045,1972-10-14 09:30,Insumos industriais,Armazém Ferroviário,Santiago Centro,Alta,531.9,3.9,5,2422,7.2,0,19.7,9,21.7,1972-10,T-15
CS-0046,1972-10-24 15:15,Combustível,Depósito Central,Santiago Centro,Baixa,303.6,4.0,9,1093,18.1,0,27.2,15,41.5,1972-10,T-04
CS-0047,1972-10-19 17:30,Combustível,Depósito Central,Talca,Alta,708.1,6.5,10,3576,14.4,0,23.9,17,39.0,1972-10,T-15
CS-0048,1972-10-20 13:15,Alimentos básicos,Depósito Norte,Santiago Centro,Alta,77.2,1.3,7,2390,19.4,0,9.5,13,16.2,1972-10,T-15
CS-0049,1972-10-30 09:30,Insumos industriais,Armazém Ferroviário,Valparaíso,Alta,671.3,3.0,2,831,18.8,0,26.1,9,49.7,1972-10,T-12
CS-0050,1972-10-29 06:30,Combustível,Depósito Central,Valparaíso,Média,237.1,3.1,3,1539,20.0,0,21.1,6,35.1,1972-10,T-12
CS-0051,1972-10-30 10:45,Combustível,Depósito Norte,Antofagasta,Alta,655.1,5.9,2,1887,15.7,0,27.4,10,55.0,1972-10,T-12
CS-0052,1972-10-21 14:15,Medicamentos,Depósito Central,Santiago Centro,Alta,723.2,6.2,3,2476,4.2,0,29.2,14,63.1,1972-10,T-04
CS-0053,1972-10-24 15:15,Combustível,Depósito Central,Valparaíso,Baixa,494.2,2.5,6,2367,19.5,0,36.0,15,53.6,1972-10,T-12
CS-0054,1972-10-11 17:45,Combustível,Armazém Ferroviário,Antofagasta,Média,558.2,1.2,6,3642,6.2,0,31.4,17,71.0,1972-10,T-12
CS-0055,1972-10-28 11:00,Insumos industriais,Armazém Ferroviário,Concepción,Alta,499.5,0.6,10,2196,19.3,0,20.5,11,50.7,1972-10,T-15
CS-0056,1972-10-20 07:15,Alimentos básicos,Depósito Central,Talca,Baixa,353.7,2.1,3,2568,2.5,1,32.0,7,45.7,1972-10,T-15
CS-0057,1972-10-11 10:00,Combustível,Depósito Norte,Concepción,Média,698.2,5.3,6,2133,8.3,0,33.2,10,61.6,1972-10,T-12
CS-0058,1972-10-23 14:00,Insumos industriais,Terminal Costeiro,Talca,Alta,544.7,6.7,1,3710,13.5,0,19.4,14,38.6,1972-10,T-08
CS-0059,1972-10-26 14:30,Combustível,Terminal Costeiro,Valparaíso,Baixa,539.6,2.2,3,1667,17.2,0,35.0,14,63.8,1972-10,T-04
CS-0060,1972-10-27 16:30,Alimentos básicos,Depósito Central,Valparaíso,Alta,363.2,2.7,5,2640,15.7,1,16.7,16,20.6,1972-10,T-15
CS-0061,1972-10-14 11:45,Medicamentos,Depósito Norte,Concepción,Alta,519.9,1.0,9,1378,3.8,0,20.9,11,60.0,1972-10,T-08
CS-0062,1972-10-29 15:45,Insumos industriais,Depósito Norte,Santiago Centro,Baixa,196.5,5.5,5,3680,5.6,0,31.0,15,26.1,1972-10,T-12
CS-0063,1972-10-16 09:00,Insumos industriais,Depósito Norte,Concepción,Média,560.9,5.1,9,325,2.9,0,28.9,9,37.5,1972-10,T-08
CS-0064,1972-10-24 14:00,Combustível,Depósito Central,Valparaíso,Alta,338.2,6.0,7,969,21.8,0,14.7,14,29.7,1972-10,T-12
CS-0065,1972-10-18 09:00,Medicamentos,Terminal Costeiro,Valparaíso,Alta,438.6,6.5,2,647,2.0,0,19.5,9,53.6,1972-10,T-12
CS-0066,1972-10-18 06:30,Insumos industriais,Depósito Central,Santiago Centro,Alta,647.0,3.0,10,2017,15.8,0,25.1,6,41.5,1972-10,T-04
CS-0067,1972-10-16 10:30,Insumos industriais,Armazém Ferroviário,Valparaíso,Alta,659.1,3.7,5,3606,2.9,0,27.5,10,37.5,1972-10,T-12
CS-0068,1972-10-24 15:15,Insumos industriais,Depósito Norte,Antofagasta,Baixa,623.2,2.7,4,3594,12.5,0,42.3,15,57.0,1972-10,T-15
CS-0069,1972-10-29 14:00,Combustível,Depósito Central,Antofagasta,Média,713.7,4.0,3,2562,7.8,0,31.8,14,60.2,1972-10,T-12
CS-0070,1972-10-31 14:45,Alimentos básicos,Depósito Norte,Antofagasta,Baixa,268.1,4.4,8,3647,2.0,1,30.0,14,29.1,1972-10,T-04
CS-0071,1972-10-18 08:45,Combustível,Depósito Central,Santiago Centro,Média,317.6,2.6,6,882,13.7,0,26.0,8,29.7,1972-10,T-12
CS-0072,1972-10-31 15:30,Alimentos básicos,Terminal Costeiro,Valparaíso,Baixa,112.6,6.0,11,325,4.0,1,26.1,15,27.3,1972-10,T-15
CS-0073,1972-10-23 08:45,Medicamentos,Depósito Central,Valparaíso,Alta,357.9,5.9,11,1298,14.9,0,16.6,8,34.1,1972-10,T-08
CS-0074,1972-10-09 08:30,Combustível,Depósito Norte,Talca,Média,177.3,3.7,5,2628,21.3,0,17.9,8,31.3,1972-10,T-08
CS-0075,1972-10-25 06:30,Alimentos básicos,Depósito Norte,Antofagasta,Média,660.6,6.3,5,3411,2.0,0,30.2,6,36.6,1972-10,T-15
CS-0076,1972-10-17 15:15,Insumos industriais,Depósito Central,Valparaíso,Média,469.8,1.1,10,1618,5.0,0,25.8,15,37.1,1972-10,T-12
CS-0077,1972-10-24 13:45,Insumos industriais,Depósito Norte,Concepción,Alta,372.6,0.5,11,350,17.9,0,14.5,13,35.4,1972-10,T-12
CS-0078,1972-10-17 16:00,Combustível,Depósito Central,Concepción,Média,111.1,6.6,1,1136,9.8,0,14.0,16,38.4,1972-10,T-15
CS-0079,1972-10-14 07:00,Combustível,Depósito Central,Santiago Centro,Média,263.4,3.6,10,1525,11.4,0,23.8,7,31.2,1972-10,T-04
CS-0080,1972-10-19 14:45,Insumos industriais,Armazém Ferroviário,Valparaíso,Baixa,624.4,4.9,11,3779,20.4,0,37.9,14,59.1,1972-10,T-08
CS-0081,1972-10-27 17:15,Insumos industriais,Depósito Norte,Antofagasta,Baixa,699.5,4.4,3,807,8.0,0,40.1,17,47.7,1972-10,T-12
CS-0082,1972-10-13 09:00,Alimentos básicos,Terminal Costeiro,Santiago Centro,Alta,84.0,5.9,5,3797,16.4,1,9.7,9,19.6,1972-10,T-15
CS-0083,1972-10-14 14:45,Alimentos básicos,Depósito Central,Concepción,Média,660.9,3.5,5,277,21.2,1,35.4,14,60.3,1972-10,T-04
CS-0084,1972-10-21 08:30,Combustível,Depósito Central,Antofagasta,Média,450.8,1.5,1,1695,18.5,0,23.6,8,62.0,1972-10,T-15
CS-0085,1972-10-30 15:45,Medicamentos,Depósito Central,Talca,Média,156.2,4.0,1,570,7.9,0,18.1,15,42.1,1972-10,T-08
CS-0086,1972-10-22 11:00,Medicamentos,Armazém Ferroviário,Santiago Centro,Baixa,221.5,6.6,5,3339,21.7,0,27.3,11,37.6,1972-10,T-08
CS-0087,1972-10-29 17:30,Alimentos básicos,Depósito Central,Santiago Centro,Média,492.5,6.2,11,3677,19.8,1,26.6,17,52.5,1972-10,T-15
CS-0088,1972-10-29 08:00,Combustível,Depósito Norte,Antofagasta,Alta,246.6,6.1,1,2781,16.5,0,13.8,8,39.7,1972-10,T-08
CS-0089,1972-10-30 07:30,Insumos industriais,Depósito Central,Santiago Centro,Baixa,688.9,4.1,4,3159,5.9,0,44.2,7,60.3,1972-10,T-04
CS-0090,1972-10-18 16:15,Medicamentos,Depósito Norte,Antofagasta,Alta,457.1,0.4,10,2285,19.5,0,18.3,16,63.9,1972-10,T-04
CS-0091,1972-10-28 10:15,Insumos industriais,Depósito Norte,Concepción,Média,567.6,3.9,6,3189,12.9,0,28.5,10,40.7,1972-10,T-08
CS-0092,1972-10-30 17:00,Insumos industriais,Depósito Norte,Santiago Centro,Baixa,362.1,5.1,10,310,11.5,0,33.9,17,39.6,1972-10,T-12
CS-0093,1972-10-30 06:45,Medicamentos,Depósito Norte,Antofagasta,Média,646.0,4.3,3,272,16.2,0,32.9,6,68.7,1972-10,T-12
CS-0094,1972-10-28 08:45,Medicamentos,Depósito Central,Valparaíso,Média,728.9,6.8,9,2939,5.4,0,34.1,8,52.7,1972-10,T-12
CS-0095,1972-10-27 13:15,Medicamentos,Depósito Central,Santiago Centro,Baixa,558.2,1.7,10,2708,7.1,0,38.7,13,67.8,1972-10,T-08
CS-0096,1972-10-12 07:30,Alimentos básicos,Terminal Costeiro,Valparaíso,Alta,233.9,6.2,8,960,2.3,1,12.2,7,18.7,1972-10,T-08
CS-0097,1972-10-20 14:00,Insumos industriais,Depósito Central,Valparaíso,Alta,359.6,6.0,10,2537,20.0,0,15.9,14,20.6,1972-10,T-15
CS-0098,1972-10-31 16:30,Insumos industriais,Depósito Central,Santiago Centro,Média,589.6,5.3,9,2563,5.2,0,30.7,16,52.1,1972-10,T-04
CS-0099,1972-10-29 07:30,Alimentos básicos,Depósito Central,Concepción,Média,203.8,1.8,7,881,8.1,0,22.5,7,31.5,1972-10,T-04
CS-0100,1972-10-24 13:45,Alimentos básicos,Depósito Norte,Concepción,Baixa,72.4,6.6,6,3891,7.9,1,24.8,13,31.5,1972-10,T-08
CS-0101,1972-10-17 07:45,Insumos industriais,Armazém Ferroviário,Antofagasta,Média,224.4,6.4,5,1983,17.1,0,20.6,7,35.0,1972-10,T-15
CS-0102,1972-10-20 06:30,Medicamentos,Armazém Ferroviário,Antofagasta,Alta,298.9,5.0,6,942,14.1,0,12.7,6,26.1,1972-10,T-15
CS-0103,1972-10-20 17:45,Combustível,Armazém Ferroviário,Santiago Centro,Média,733.2,6.7,2,2459,21.7,0,36.3,17,76.4,1972-10,T-15
CS-0104,1972-10-25 09:00,Alimentos básicos,Depósito Norte,Santiago Centro,Baixa,116.7,4.5,4,2493,12.4,1,26.3,9,34.4,1972-10,T-08
CS-0105,1972-10-30 14:00,Medicamentos,Terminal Costeiro,Antofagasta,Alta,675.3,2.7,2,535,15.7,0,26.4,14,73.4,1972-10,T-04
CS-0106,1972-10-23 14:30,Combustível,Armazém Ferroviário,Talca,Média,483.9,1.8,2,2598,21.0,0,25.1,14,66.4,1972-10,T-12
CS-0107,1972-10-10 06:45,Alimentos básicos,Depósito Central,Concepción,Média,367.9,4.6,5,528,8.0,1,23.1,6,25.2,1972-10,T-04
CS-0108,1972-10-31 11:30,Medicamentos,Depósito Central,Valparaíso,Baixa,727.0,1.8,8,1529,2.2,0,42.1,11,72.0,1972-10,T-04
CS-0109,1972-10-14 11:45,Medicamentos,Depósito Norte,Concepción,Média,664.8,4.9,11,3485,20.4,0,30.1,11,57.2,1972-10,T-04
CS-0110,1972-10-14 16:00,Alimentos básicos,Depósito Norte,Concepción,Alta,600.4,3.8,10,564,7.5,1,27.1,16,42.1,1972-10,T-15
CS-0111,1972-10-27 14:15,Insumos industriais,Terminal Costeiro,Talca,Alta,312.6,2.7,6,3367,2.2,0,18.5,14,23.6,1972-10,T-04
CS-0112,1972-10-24 15:15,Medicamentos,Armazém Ferroviário,Santiago Centro,Alta,326.3,4.3,6,3312,8.9,0,15.8,15,15.2,1972-10,T-15
CS-0113,1972-10-30 10:30,Combustível,Terminal Costeiro,Concepción,Alta,549.1,4.8,7,498,4.3,0,25.3,10,52.0,1972-10,T-08
CS-0114,1972-10-27 09:15,Combustível,Armazém Ferroviário,Santiago Centro,Alta,231.9,6.1,1,2870,20.4,0,14.0,9,42.0,1972-10,T-15
CS-0115,1972-10-25 15:00,Medicamentos,Depósito Central,Santiago Centro,Alta,520.5,3.5,2,2389,11.8,0,22.8,15,46.6,1972-10,T-08
CS-0116,1972-10-24 15:15,Medicamentos,Depósito Central,Valparaíso,Média,122.5,2.8,6,1830,6.0,0,18.6,15,29.5,1972-10,T-08
CS-0117,1972-10-21 09:00,Medicamentos,Terminal Costeiro,Antofagasta,Média,423.9,1.8,7,1361,13.5,0,29.2,9,51.2,1972-10,T-12
CS-0118,1972-10-13 11:45,Medicamentos,Armazém Ferroviário,Talca,Média,571.8,1.0,6,1125,11.6,0,30.9,11,76.6,1972-10,T-15
CS-0119,1972-10-15 11:30,Alimentos básicos,Depósito Norte,Talca,Baixa,452.3,2.7,11,1475,9.2,0,37.1,11,53.5,1972-10,T-15
CS-0120,1972-10-21 13:15,Insumos industriais,Depósito Central,Talca,Baixa,675.1,6.7,6,3722,10.0,0,38.2,13,44.7,1972-10,T-12
CS-0121,1972-10-12 10:00,Medicamentos,Terminal Costeiro,Talca,Média,705.1,0.6,10,3389,10.9,0,30.7,10,76.8,1972-10,T-15
CS-0122,1972-10-13 08:30,Alimentos básicos,Depósito Central,Santiago Centro,Média,277.4,1.7,9,3492,13.1,0,20.7,8,43.8,1972-10,T-15
CS-0123,1972-10-30 10:15,Alimentos básicos,Depósito Central,Talca,Baixa,215.7,6.3,5,2236,16.7,0,30.9,10,32.0,1972-10,T-12
CS-0124,1972-10-21 17:15,Alimentos básicos,Terminal Costeiro,Concepción,Média,496.2,5.0,2,2681,10.1,1,24.4,17,42.0,1972-10,T-08
CS-0125,1972-10-10 07:30,Medicamentos,Terminal Costeiro,Talca,Média,89.5,0.4,2,3023,14.1,0,16.3,7,58.1,1972-10,T-15
CS-0126,1972-10-21 09:30,Medicamentos,Armazém Ferroviário,Talca,Baixa,318.6,4.0,3,2176,12.7,0,34.1,9,55.6,1972-10,T-08
CS-0127,1972-10-12 14:30,Alimentos básicos,Armazém Ferroviário,Antofagasta,Alta,540.5,3.6,5,577,7.8,1,22.8,14,42.2,1972-10,T-04
CS-0128,1972-10-25 11:15,Alimentos básicos,Terminal Costeiro,Santiago Centro,Média,54.3,6.6,9,760,11.0,1,18.7,11,17.6,1972-10,T-12
CS-0129,1972-10-18 14:00,Medicamentos,Armazém Ferroviário,Santiago Centro,Alta,137.8,0.7,6,3307,14.1,0,14.1,14,44.5,1972-10,T-04
CS-0130,1972-10-30 11:00,Alimentos básicos,Terminal Costeiro,Valparaíso,Baixa,632.0,0.8,5,3468,7.0,0,37.4,11,70.1,1972-10,T-12
CS-0131,1972-10-13 07:00,Combustível,Terminal Costeiro,Antofagasta,Média,170.5,3.9,5,2135,9.0,0,16.1,7,27.7,1972-10,T-15
CS-0132,1972-10-28 17:30,Alimentos básicos,Terminal Costeiro,Valparaíso,Baixa,152.4,4.6,4,2698,14.5,1,25.2,17,22.3,1972-10,T-04
CS-0133,1972-10-19 15:15,Medicamentos,Terminal Costeiro,Concepción,Baixa,485.2,3.0,7,2455,7.2,0,32.6,15,43.7,1972-10,T-08
CS-0134,1972-10-09 16:00,Insumos industriais,Depósito Norte,Concepción,Alta,256.7,6.1,11,1562,6.8,0,14.3,16,21.8,1972-10,T-04
CS-0135,1972-10-21 14:30,Combustível,Depósito Norte,Concepción,Alta,347.5,1.0,3,3119,7.1,0,18.2,14,45.4,1972-10,T-12
CS-0136,1972-10-23 11:15,Insumos industriais,Terminal Costeiro,Talca,Média,488.4,4.5,8,483,21.2,0,24.2,11,32.4,1972-10,T-04
CS-0137,1972-10-21 11:45,Combustível,Armazém Ferroviário,Concepción,Média,259.6,3.0,8,3604,2.1,0,23.9,11,37.8,1972-10,T-12
CS-0138,1972-10-16 17:45,Alimentos básicos,Depósito Norte,Concepción,Baixa,392.9,5.6,8,1588,8.9,0,30.4,17,40.0,1972-10,T-04
CS-0139,1972-10-22 11:15,Alimentos básicos,Depósito Central,Antofagasta,Média,55.5,4.0,1,3149,18.0,1,18.8,11,43.9,1972-10,T-04
CS-0140,1972-10-21 08:15,Medicamentos,Depósito Central,Valparaíso,Alta,137.6,3.4,5,1767,11.9,0,11.8,8,15.0,1972-10,T-12
CS-0141,1972-10-29 16:15,Insumos industriais,Depósito Norte,Santiago Centro,Média,330.8,3.8,1,3476,12.9,0,24.9,16,39.4,1972-10,T-04
CS-0142,1972-10-10 11:30,Medicamentos,Depósito Norte,Valparaíso,Alta,188.7,5.2,9,690,2.3,0,12.3,11,10.4,1972-10,T-15
CS-0143,1972-10-28 13:30,Alimentos básicos,Armazém Ferroviário,Talca,Média,593.0,2.3,5,645,20.9,1,30.3,13,60.0,1972-10,T-04
CS-0144,1972-10-13 08:00,Insumos industriais,Depósito Central,Antofagasta,Alta,277.6,5.4,4,679,13.9,0,17.8,8,25.8,1972-10,T-04
CS-0145,1972-10-11 13:15,Medicamentos,Terminal Costeiro,Concepción,Alta,63.8,0.6,8,2418,17.0,0,9.2,13,30.5,1972-10,T-12
CS-0146,1972-10-23 08:30,Medicamentos,Depósito Norte,Santiago Centro,Alta,76.1,3.3,7,1055,10.4,0,8,8,13.4,1972-10,T-15
CS-0147,1972-10-12 09:30,Alimentos básicos,Depósito Norte,Valparaíso,Média,43.5,5.2,1,326,7.4,1,17.3,9,36.7,1972-10,T-15
CS-0148,1972-10-29 10:15,Alimentos básicos,Depósito Central,Talca,Média,152.0,6.8,8,2256,8.0,1,21.5,10,24.1,1972-10,T-15
CS-0149,1972-10-28 15:00,Combustível,Terminal Costeiro,Santiago Centro,Alta,275.4,3.7,2,1207,3.2,0,17.5,15,37.7,1972-10,T-15
CS-0150,1972-10-20 07:30,Insumos industriais,Depósito Central,Concepción,Alta,490.7,3.2,8,2137,8.0,0,20.8,7,23.1,1972-10,T-04
CS-0151,1972-10-09 08:30,Alimentos básicos,Armazém Ferroviário,Talca,Alta,153.1,6.3,8,2414,18.4,1,10.8,8,20.8,1972-10,T-15
CS-0152,1972-10-17 09:00,Combustível,Armazém Ferroviário,Santiago Centro,Baixa,374.3,5.6,3,3899,6.5,0,34.8,9,49.1,1972-10,T-15
CS-0153,1972-10-26 13:30,Combustível,Depósito Central,Valparaíso,Alta,501.6,2.7,2,2655,6.0,0,22.5,13,55.8,1972-10,T-15
CS-0154,1972-10-23 11:45,Insumos industriais,Depósito Norte,Concepción,Alta,139.2,1.4,2,458,19.9,0,13.1,11,39.3,1972-10,T-04
CS-0155,1972-10-19 17:45,Combustível,Depósito Central,Santiago Centro,Alta,713.5,5.6,5,644,20.4,0,29.5,17,50.1,1972-10,T-08
CS-0156,1972-10-28 06:00,Alimentos básicos,Terminal Costeiro,Concepción,Média,291.1,6.2,3,362,18.3,0,20.9,6,39.0,1972-10,T-04
CS-0157,1972-10-25 16:15,Medicamentos,Armazém Ferroviário,Santiago Centro,Média,66.9,3.4,7,479,13.4,0,16.9,16,24.2,1972-10,T-04
CS-0158,1972-10-17 14:30,Insumos industriais,Depósito Central,Concepción,Alta,676.1,6.8,7,3790,19.0,0,26.1,14,48.8,1972-10,T-04
CS-0159,1972-10-13 08:15,Insumos industriais,Armazém Ferroviário,Talca,Alta,538.9,0.4,2,547,12.9,0,21.5,8,55.2,1972-10,T-15
CS-0160,1972-10-29 10:00,Alimentos básicos,Depósito Central,Concepción,Alta,590.9,1.9,4,2229,13.4,0,25.3,10,57.8,1972-10,T-12
CS-0161,1972-10-23 06:30,Alimentos básicos,Armazém Ferroviário,Talca,Alta,123.5,1.4,8,1174,2.9,1,11.3,6,18.1,1972-10,T-15
CS-0162,1972-10-30 17:15,Alimentos básicos,Depósito Norte,Concepción,Baixa,559.7,2.2,5,3309,21.6,1,38.1,17,65.8,1972-10,T-04
CS-0163,1972-10-13 08:15,Insumos industriais,Depósito Central,Concepción,Alta,591.9,3.8,4,2701,21.9,0,22.9,8,29.1,1972-10,T-04
CS-0164,1972-10-20 10:15,Combustível,Depósito Central,Antofagasta,Alta,588.8,4.0,5,2840,3.3,0,26.7,10,43.0,1972-10,T-12
CS-0165,1972-10-22 09:30,Combustível,Depósito Central,Antofagasta,Baixa,739.5,6.4,5,889,8.0,0,40.5,9,62.2,1972-10,T-08
CS-0166,1972-10-13 10:00,Insumos industriais,Depósito Norte,Valparaíso,Baixa,365.4,1.4,5,1598,11.9,0,34.6,10,58.7,1972-10,T-12
CS-0167,1972-10-10 16:30,Alimentos básicos,Depósito Norte,Antofagasta,Alta,105.8,2.0,3,2454,19.3,1,8,16,23.6,1972-10,T-04
CS-0168,1972-10-17 09:15,Combustível,Depósito Central,Talca,Alta,333.2,6.8,10,3167,20.1,0,17.9,9,18.8,1972-10,T-15
CS-0169,1972-10-10 06:30,Alimentos básicos,Depósito Norte,Concepción,Alta,669.5,6.3,11,1484,7.1,0,26.9,6,45.6,1972-10,T-15
CS-0170,1972-10-18 14:15,Medicamentos,Terminal Costeiro,Antofagasta,Baixa,420.6,6.7,2,2034,3.8,0,31.5,14,42.1,1972-10,T-12
CS-0171,1972-10-30 15:15,Insumos industriais,Depósito Norte,Valparaíso,Baixa,58.3,0.6,6,520,10.7,0,24.1,15,43.5,1972-10,T-12
CS-0172,1972-10-31 09:45,Combustível,Depósito Norte,Talca,Alta,353.3,3.6,6,523,9.9,0,17.4,9,22.7,1972-10,T-04
CS-0173,1972-10-16 14:45,Medicamentos,Terminal Costeiro,Valparaíso,Alta,249.8,4.5,10,665,2.9,0,15.1,14,25.2,1972-10,T-12
CS-0174,1972-10-10 13:45,Medicamentos,Depósito Norte,Concepción,Média,201.9,5.3,7,876,15.9,0,18.8,13,28.5,1972-10,T-12
CS-0175,1972-10-25 14:30,Alimentos básicos,Depósito Norte,Talca,Alta,175.8,1.0,6,1819,5.4,0,13.2,14,27.9,1972-10,T-12
CS-0176,1972-10-11 16:30,Alimentos básicos,Armazém Ferroviário,Antofagasta,Média,438.0,4.8,6,876,1.6,1,26.6,16,28.0,1972-10,T-12
CS-0177,1972-10-19 15:15,Medicamentos,Armazém Ferroviário,Concepción,Alta,384.4,0.5,1,3598,3.8,0,16.6,15,66.7,1972-10,T-12
CS-0178,1972-10-29 14:15,Insumos industriais,Terminal Costeiro,Antofagasta,Média,475.6,5.5,1,726,11.4,0,27.4,14,47.7,1972-10,T-04
CS-0179,1972-10-17 06:15,Combustível,Armazém Ferroviário,Concepción,Alta,465.6,1.5,6,1103,1.5,0,16.7,6,44.1,1972-10,T-08
CS-0180,1972-10-21 17:15,Combustível,Armazém Ferroviário,Talca,Alta,62.5,3.2,11,850,10.4,0,11.0,17,24.8,1972-10,T-08
CS-0181,1972-10-21 13:45,Medicamentos,Armazém Ferroviário,Antofagasta,Média,290.2,5.0,10,921,14.4,0,21.2,13,38.2,1972-10,T-08
CS-0182,1972-10-10 16:30,Insumos industriais,Depósito Norte,Santiago Centro,Baixa,619.2,4.3,4,480,10.3,0,41.9,16,62.6,1972-10,T-12
CS-0183,1972-10-17 10:15,Combustível,Depósito Central,Concepción,Baixa,346.4,5.8,11,826,3.0,0,28.8,10,41.6,1972-10,T-04
CS-0184,1972-10-09 16:00,Alimentos básicos,Depósito Norte,Santiago Centro,Média,371.9,6.1,5,1108,15.6,1,22.7,16,47.8,1972-10,T-08
CS-0185,1972-10-16 14:15,Alimentos básicos,Depósito Norte,Santiago Centro,Baixa,669.9,4.6,10,3337,15.2,1,37.9,14,52.0,1972-10,T-15
CS-0186,1972-10-30 11:15,Combustível,Depósito Norte,Santiago Centro,Média,121.3,5.5,6,3410,11.8,0,19.6,11,32.2,1972-10,T-15
CS-0187,1972-10-15 14:15,Medicamentos,Armazém Ferroviário,Antofagasta,Baixa,479.5,4.4,3,1030,2.3,0,33.3,14,56.0,1972-10,T-04
CS-0188,1972-10-25 16:15,Medicamentos,Depósito Norte,Antofagasta,Média,532.2,2.3,1,1207,11.6,0,31.7,16,95.8,1972-10,T-12
CS-0189,1972-10-30 10:15,Combustível,Depósito Norte,Antofagasta,Baixa,286.4,2.4,9,314,14.8,0,29.1,10,56.0,1972-10,T-08
CS-0190,1972-10-27 14:15,Combustível,Terminal Costeiro,Santiago Centro,Média,615.5,6.8,7,3179,7.9,0,29.8,14,48.5,1972-10,T-08
CS-0191,1972-10-19 16:15,Alimentos básicos,Depósito Norte,Valparaíso,Média,189.3,5.1,10,3733,20.9,1,21.0,16,26.6,1972-10,T-04
CS-0192,1972-10-16 17:00,Medicamentos,Terminal Costeiro,Concepción,Média,433.9,5.2,11,552,15.2,0,29.3,17,53.6,1972-10,T-08
CS-0193,1972-10-11 15:00,Medicamentos,Terminal Costeiro,Antofagasta,Alta,558.3,5.6,9,2256,2.3,0,23.6,15,44.2,1972-10,T-15
CS-0194,1972-10-19 08:15,Insumos industriais,Depósito Norte,Concepción,Alta,275.4,1.7,6,1306,12.1,0,14.6,8,36.4,1972-10,T-08
CS-0195,1972-10-20 13:45,Medicamentos,Depósito Central,Santiago Centro,Média,186.5,6.1,7,2601,9.3,0,20.5,13,21.2,1972-10,T-15
CS-0196,1972-10-27 06:15,Alimentos básicos,Depósito Central,Antofagasta,Alta,369.8,5.1,9,2983,7.5,0,20.3,6,20.8,1972-10,T-15
CS-0197,1972-10-24 07:45,Alimentos básicos,Terminal Costeiro,Talca,Alta,622.6,5.4,11,945,6.1,1,26.2,7,55.4,1972-10,T-04
CS-0198,1972-10-22 13:30,Medicamentos,Terminal Costeiro,Concepción,Baixa,581.6,5.0,6,2150,21.0,0,41.6,13,69.3,1972-10,T-08
CS-0199,1972-10-13 14:15,Insumos industriais,Depósito Norte,Santiago Centro,Baixa,173.3,1.3,5,3269,14.2,0,25.4,14,41.9,1972-10,T-04
CS-0200,1972-10-19 17:30,Insumos industriais,Armazém Ferroviário,Santiago Centro,Média,318.7,3.5,7,3681,4.5,0,23.5,17,32.1,1972-10,T-04
